id;first_name;last_name;email;phone
1;Kristin;Kassulke;Violette.Zieme7@gmail.com;1-757-896-2326 x609
2;Bernadine;Kassulke-O'Reilly;Lillian_Watsica83@gmail.com;566.862.9413 x311
3;Dennis;Farrell;Robbie.Harvey@yahoo.com;264.543.1583 x745
4;Allan;Wilderman;Joanna64@yahoo.com;590.354.4379 x5093
5;Jacqueline;Gutkowski;Magali.Hills84@gmail.com;500.926.0176 x480
6;Jarod;Franey;Helen_Dickinson37@hotmail.com;(555) 300-1408 x472
7;Althea;Boehm;Tamara.Marquardt@hotmail.com;1-746-898-9669 x066
8;Burley;Deckow;Debra.Lemke4@gmail.com;1-432-881-7894 x78489
9;Camylle;Mayer;Monique.Upton@yahoo.com;348.684.2685 x11672
10;Jamaal;Boyer;Emilia_Kerluke@yahoo.com;1-731-991-7633 x89877
11;Frances;Romaguera-Hand;Austin.Heidenreich-Dickinson@hotmail.com;(499) 794-8912 x8230
12;Paulette;Goyette;Christy28@hotmail.com;1-646-724-9147 x41390
13;Bertram;Hegmann;Kay84@gmail.com;(540) 670-9728 x84272
14;Edna;Cruickshank;Hudson.Brown30@yahoo.com;1-683-277-5295
15;Keven;Kuhic;Carla.Dietrich69@gmail.com;587-793-4751
16;Toby;Lynch;Hellen.Robel68@yahoo.com;(540) 988-7354
17;Katie;Sporer;Hanna12@hotmail.com;731.653.5617 x9277
18;Forest;McCullough;Alvah.OConner93@yahoo.com;(644) 323-5738 x491
19;Carlton;Heaney;Kaylin_Ortiz@gmail.com;1-612-784-3041 x23102
20;Justina;Treutel;Daphney.Considine@hotmail.com;(954) 810-7237 x0201
21;Salvatore;Erdman;Lela8@hotmail.com;(793) 572-2757 x39775
22;Isac;Raynor;Nancy_Reilly28@gmail.com;1-687-284-9261
23;Daisy;Thompson;Lester_Osinski1@yahoo.com;1-712-551-5624
24;Lemuel;McKenzie;Kiana34@yahoo.com;884-730-9843 x648
25;Jorge;Huels;Brian.Doyle3@hotmail.com;938-373-3044
26;Nathaniel;Murray;Felicia99@hotmail.com;1-752-885-8181 x59174
27;Wyatt;Schaefer;Mario93@hotmail.com;557-729-7483 x75511
28;Landen;Yundt;Fernando.Macejkovic@yahoo.com;615.302.9364 x47451
29;Elvera;Heaney;Grayson_Cremin@hotmail.com;794-916-4175 x2124
30;Toby;Terry;Malinda_Grimes-Hettinger@hotmail.com;930.221.2867 x32097
